Workbook

Sheet Información Sprints
A1: Nombre Sprint | B1: Fecha de Inicio | C1: Fecha Fin | D1: Total Requerimientos | E1: Total Esfuerzo hrs | F1: Total Esfuerzo por Persona
A2: Sprint #1 | B2: 45929 | C2: 45940 | D2: =COUNTIF(Backlog!$E$12:$E$53,'Información Sprints'!A2) -> 10 | E2: =SUMIF(Backlog!$E$12:$E$53,'Información Sprints'!A2,Backlog!$D$12:$D$53) -> 45 | F2: =IF(COUNTA(Backlog!$C$2:$C$7)=0,0,E2/COUNTA(Backlog!$C$2:$C$7)) -> 9
A3: Sprint #2 | B3: =B2+14 -> 45943 | C3: =C2+14 -> 45954 | D3: =COUNTIF(Backlog!$E$12:$E$53,'Información Sprints'!A3) -> 9 | E3: =SUMIF(Backlog!$E$12:$E$53,'Información Sprints'!A3,Backlog!$D$12:$D$53) -> 50 | F3: =IF(COUNTA(Backlog!$C$2:$C$7)=0,0,E3/COUNTA(Backlog!$C$2:$C$7)) -> 10
A4: Sprint #3 | B4: =B3+14 -> 45957 | C4: =C3+14 -> 45968 | D4: =COUNTIF(Backlog!$E$12:$E$53,'Información Sprints'!A4) -> 8 | E4: =SUMIF(Backlog!$E$12:$E$53,'Información Sprints'!A4,Backlog!$D$12:$D$53) -> 43 | F4: =IF(COUNTA(Backlog!$C$2:$C$7)=0,0,E4/COUNTA(Backlog!$C$2:$C$7)) -> 8.6
A5: Sprint #4 | B5: =B4+14 -> 45971 | C5: =C4+14 -> 45982 | D5: =COUNTIF(Backlog!$E$12:$E$53,'Información Sprints'!A5) -> 7 | E5: =SUMIF(Backlog!$E$12:$E$53,'Información Sprints'!A5,Backlog!$D$12:$D$53) -> 40 | F5: =IF(COUNTA(Backlog!$C$2:$C$7)=0,0,E5/COUNTA(Backlog!$C$2:$C$7)) -> 8
A6: Sprint #5 | B6: =B5+14 -> 45985 | C6: =C5+14 -> 45996 | D6: =COUNTIF(Backlog!$E$12:$E$53,'Información Sprints'!A6) -> 0 | E6: =SUMIF(Backlog!$E$12:$E$53,'Información Sprints'!A6,Backlog!$D$12:$D$53) -> 0 | F6: =IF(COUNTA(Backlog!$C$2:$C$7)=0,0,E6/COUNTA(Backlog!$C$2:$C$7)) -> 0
A7: Sprint #6 | B7: =B6+14 -> 45999 | C7: =C6+14 -> 46010 | D7: =COUNTIF(Backlog!$E$12:$E$53,'Información Sprints'!A7) -> 0 | E7: =SUMIF(Backlog!$E$12:$E$53,'Información Sprints'!A7,Backlog!$D$12:$D$53) -> 0 | F7: =IF(COUNTA(Backlog!$C$2:$C$7)=0,0,E7/COUNTA(Backlog!$C$2:$C$7)) -> 0

Sheet Backlog
B1: Nombre del proyecto/app: | C1: TRIXCAMP y TORNEO CLIMÁTICO
B2: Integrantes: | C2: Edgar Ulíses Alanís Guerrero
C3: Javier Adrían Frausto Alvarado
C4: Daniel García Rios
C5: Claudia Lizbeth López Ramos
C6: Andrés Manuel Ramírez Gómez
B9: % Progreso Proyecto | C9: =IF(SUM(D12:D53)=0,0,SUMIF(C12:C53,"Terminado",D12:D53)/SUM(D12:D53)) -> 0.1011236
A11: Identificador | B11: Historia / Requerimiento | C11: Estatus | D11: Esfuerzo estimado en hrs | E11: Sprint (Iteración) | F11: Prioridad | G11: Responsable | H11: Notas
A12: Req 01 | B12: Como usuario quiero registrarme para acceder al sistema | C12: Terminado | D12: 1 | E12: Sprint #1 | F12: Alta | G12: Edgar | H12: Registro funcional; validar almacenamiento seguro de datos en BD.
A13: Req 02 | B13: Como usuario quiero iniciar sesión para usar la plataforma | C13: Terminado | D13: 1 | E13: Sprint #1 | F13: Alta | G13: Edgar | H13: Flujo de login operativo; verificar manejo de errores y credenciales.
A14: Req 03 | B14: Como administrador quiero ver un dashboard para gestionar el sistema | C14: Terminado | D14: 3 | E14: Sprint #1 | F14: Alta | G14: Edgar | H14: Dashboard activo; falta agregar métricas visuales y filtros dinámicos.
A15: Req 04 | B15: Como administrador quiero crear equipos para organizar jugadores | C15: Terminado | D15: 3 | E15: Sprint #2 | F15: Alta | G15: Edgar | H15: Creación correcta; se sugiere validación de duplicados.
A16: Req 05 | B16: Como administrador quiero agregar jugadores para mantener registros | C16: Terminado | D16: 5 | E16: Sprint #2 | F16: Alta | G16: Edgar | H16: Proceso completado; revisar conexión con base de datos principal.
A17: Req 06 | B17: Como administrador quiero asignar jugadores a equipos para organización | C17: Terminado | D17: 4 | E17: Sprint #2 | F17: Alta | G17: Javier | H17: Flujo operativo; falta sincronización automática entre tablas.
A18: Req 07 | B18: Como administrador quiero registrar campos deportivos para gestión | C18: Pendiente | D18: 4 | E18: Sprint #3 | F18: Media | G18: Javier | H18: Pendiente definir estructura de datos y formulario de alta.
A19: Req 08 | B19: Como administrador quiero ver condiciones del campo para monitoreo | C19: Pendiente | D19: 7 | E19: Sprint #3 | F19: Media | G19: Javier | H19: Requiere integración con sensores IoT o datos simulados.
A20: Req 09 | B20: Como administrador quiero agendar entrenamientos para organización | C20: Pendiente | D20: 5 | E20: Sprint #4 | F20: Media | G20: Javier | H20: Pendiente diseñar interfaz de calendario y validación de horarios.
A21: Req 10 | B21: Como administrador quiero asignar campos a entrenamientos para optimización | C21: Pendiente | D21: 5 | E21: Sprint #4 | F21: Media | G21: Javier | H21: Requiere dependencias de registro de campos y agenda.
A22: Req 01 | B22: Como usuario quiero iniciar sesión con mis credenciales web | C22: En Progreso | D22: 4 | E22: Sprint #1 | F22: Alta | G22: Daniel | H22: En pruebas; revisar compatibilidad con versión móvil.
A23: Req 02 | B23: Como usuario quiero recuperar mi contraseña si la olvido | C23: Pendiente | D23: 5 | E23: Sprint #1 | F23: Media | G23: Daniel | H23: Pendiente configurar envío de correo de recuperación.
... A45: Req 13 | B45: Como jugador quiero reiniciar niveles si pierdo | C45: Pendiente | D45: 6 | E45: Sprint #4 | F45: Media | G45: Claudia | H45: Pendiente agregar botón de reinicio y reinicialización de variables.
